date,tempSkin
2021-03-20,-1.1
2021-03-21,-0.0
2021-03-22,-1.2
2021-03-23,-0.1
2021-03-24,-2.1
2021-03-25,-1.6
2021-03-26,1.1
2021-03-27,-0.2
2021-03-28,0.9
2021-03-29,-2.7
2021-03-30,0.3
2021-03-31,-0.0
2021-04-01,0.1
2021-04-02,-0.0
2021-04-03,-1.3
2021-04-04,1.8
2021-04-05,0.9
2021-04-06,1.0
2021-04-07,-1.5
2021-04-08,-1.3
2021-04-09,-0.2
2021-04-10,-1.3
2021-04-11,0.0
2021-04-12,0.0
2021-04-13,-1.0
2021-04-14,-0.4
2021-04-15,-1.1
2021-04-16,-0.0
2021-04-17,-0.2
2021-04-18,-0.7
2021-04-19,-0.6
2021-04-20,-0.5
2021-04-21,-0.2
2021-04-22,-0.0
2021-04-23,1.7
2021-04-24,-0.7
2021-04-25,0.8
2021-04-26,-1.2
2021-04-27,1.8
2021-04-28,-1.2
2021-04-29,0.2
2021-04-30,-1.2
2021-05-01,-1.4
2021-05-02,0.5
2021-05-03,-0.1
2021-05-04,-0.0
2021-05-05,0.5
2021-05-06,-0.0
2021-05-07,1.1
2021-05-08,-1.4
2021-05-09,0.1
2021-05-10,0.1
2021-05-11,1.5
2021-05-12,-0.3
2021-05-13,0.6
2021-05-14,-0.0
2021-05-15,-0.1
2021-05-16,-0.4
2021-05-17,-0.9
2021-05-18,0.6
2021-05-19,0.6
2021-05-20,0.3
2021-05-21,-0.9
2021-05-22,0.0
2021-05-23,1.3
2021-05-24,0.7
2021-05-25,-0.5
2021-05-26,1.7
2021-05-27,-1.1
2021-05-28,-0.7
2021-05-29,0.2
2021-05-30,0.0
2021-05-31,-0.6
2021-06-01,0.1
2021-06-02,-0.2
2021-06-03,0.2
2021-06-04,-1.3
2021-06-05,-0.2
2021-06-06,-0.3
2021-06-07,0.1
2021-06-08,-1.0
2021-06-09,-0.0
2021-06-10,-0.8
2021-06-11,-0.3
2021-06-12,-0.3
2021-06-13,-0.8
2021-06-14,-0.6
2021-06-15,1.0
2021-06-16,-1.2
2021-06-17,-0.7
2021-06-18,0.1
2021-06-19,-0.2
2021-06-20,0.5
2021-06-21,-0.2
2021-06-22,0.0
2021-06-23,-0.2
2021-06-24,-0.1
2021-06-25,-0.0
2021-06-26,-0.3
2021-06-27,0.8
2021-06-28,-1.3
2021-06-29,0.4
2021-06-30,-0.1
2021-07-01,-0.0
2021-07-02,-0.2
2021-07-03,0.1
2021-07-04,-0.8
2021-07-05,1.3
2021-07-06,-0.3
2021-07-07,0.6
2021-07-08,0.6
2021-07-09,-0.0
2021-07-10,0.7
2021-07-11,-0.8
2021-07-12,0.3
2021-07-13,-0.3
2021-07-14,-0.4
2021-07-15,0.1
2021-07-16,0.1
2021-07-17,-0.5
2021-07-18,-0.3
2021-07-19,0.0
2021-07-20,0.7
2021-07-21,0.6
2021-07-22,0.4
2021-07-23,0.6
2021-07-24,0.2
2021-07-25,0.3
2021-07-26,0.7
2021-07-27,0.8
2021-07-28,-0.3
2021-07-29,-1.2
2021-07-30,0.7
2021-07-31,-0.4
2021-08-01,-1.3
2021-08-02,0.7
2021-08-03,-0.9
2021-08-04,-0.2
2021-08-05,0.2
2021-08-06,-0.8
2021-08-07,0.3
2021-08-08,0.1
2021-08-09,0.3
2021-08-10,-0.7
2021-08-11,-0.9
2021-08-12,0.2
2021-08-13,-1.0
2021-08-14,-1.3
2021-08-15,-0.4
2021-08-16,-0.7
2021-08-17,-0.7
2021-08-18,0.0
2021-08-19,-0.2
2021-08-20,-0.3
2021-08-21,-0.6
2021-08-22,-0.4
2021-08-23,-0.1
2021-08-24,-0.6
2021-08-25,-0.5
2021-08-26,-0.2
2021-08-27,-0.5
2021-08-28,1.3
2021-08-29,2.4
2021-08-30,0.3
2021-08-31,-1.0
2021-09-01,-1.4
2021-09-02,-0.5
2021-09-03,-0.5
2021-09-04,-0.2
2021-09-05,0.4
2021-09-06,-1.7
2021-09-07,0.0
2021-09-08,0.2
2021-09-09,-0.1
2021-09-10,0.2
2021-09-11,-0.8
2021-09-12,1.3
2021-09-13,1.1
2021-09-14,-0.8
2021-09-15,1.9
2021-09-16,-0.9
2021-09-17,1.5
2021-09-18,-0.2
2021-09-19,1.9
2021-09-20,0.9
2021-09-21,2.1
2021-09-22,1.6
2021-09-23,1.2
2021-09-24,1.1
2021-09-25,-0.1
2021-09-26,0.7
2021-09-27,1.2
2021-09-28,-0.1
2021-09-29,1.7
2021-09-30,1.5
2021-10-01,-1.6
2021-10-02,2.0
2021-10-03,0.1
2021-10-04,0.5
2021-10-05,0.8
2021-10-06,0.7
2021-10-07,-0.5
2021-10-08,-1.9
2021-10-09,0.7
2021-10-10,1.2
2021-10-11,1.4
2021-10-12,1.0
2021-10-13,0.2
2021-10-14,-0.8
2021-10-15,0.4
2021-10-16,0.3
2021-10-17,-1.3
2021-10-18,-1.0
2021-10-19,0.0
2021-10-20,-2.1
2021-10-21,0.4
2021-10-22,-0.1
2021-10-23,-1.8
2021-10-24,-0.2
2021-10-25,-0.3
2021-10-26,0.4
2021-10-27,-0.0
2021-10-28,-1.4
2021-10-29,-0.8
2021-10-30,0.5
2021-10-31,1.3
2021-11-01,0.6
2021-11-02,1.0
2021-11-03,0.3
2021-11-04,0.5
2021-11-05,0.9
2021-11-06,-2.0
2021-11-07,1.2
2021-11-08,-1.0
2021-11-09,-1.2
2021-11-10,1.4
2021-11-11,0.5
2021-11-12,0.4
2021-11-13,-1.3
2021-11-14,-1.1
2021-11-15,0.3
2021-11-16,0.2
2021-11-17,-0.1
2021-11-18,-0.5
2021-11-19,-0.5
2021-11-20,-1.0
2021-11-21,0.8
2021-11-22,0.9
2021-11-23,0.2
2021-11-24,-2.5
2021-11-25,-0.3
2021-11-26,0.8
2021-11-27,0.7
2021-11-28,0.1
2021-11-29,-0.5
2021-11-30,0.4
2021-12-01,-0.3
2021-12-02,0.2
2021-12-03,0.2
2021-12-04,-1.1
2021-12-05,1.4
2021-12-06,0.3
2021-12-07,0.4
2021-12-08,-0.3
2021-12-09,-2.4
2021-12-10,-2.0
2021-12-11,-1.8
2021-12-12,-2.2
2021-12-13,-0.7
2021-12-14,-0.8
2021-12-15,-1.5
2021-12-16,-0.6
2021-12-17,-0.6
2021-12-18,-0.2
2021-12-19,0.3
2021-12-20,1.3
2021-12-21,-1.8
2021-12-22,-0.2
2021-12-23,-0.2
2021-12-24,-2.2
2021-12-25,2.1
2021-12-26,-1.6
2021-12-27,-1.3
2021-12-28,-0.0
2021-12-29,-0.3
2021-12-30,-1.2
2021-12-31,-0.0
2022-01-01,1.5
2022-01-02,1.1
2022-01-03,0.7
2022-01-04,0.6
2022-01-05,-1.0
2022-01-06,2.0
2022-01-07,0.3
2022-01-08,0.7
2022-01-09,-0.0
2022-01-10,0.1
2022-01-11,-0.6
2022-01-12,0.9
2022-01-13,-0.1
2022-01-14,0.4
2022-01-15,-0.5
2022-01-16,0.6
2022-01-17,0.7
2022-01-18,-0.5
2022-01-19,-0.5
2022-01-20,1.0
2022-01-21,0.6
2022-01-22,-0.8
2022-01-23,0.6
2022-01-24,0.2
2022-01-25,-0.5
2022-01-26,0.6
2022-01-27,-0.8
2022-01-28,0.8
2022-01-29,-0.6
2022-01-30,0.8
2022-01-31,0.3
2022-02-01,1.0
2022-02-02,-1.4
2022-02-03,1.0
2022-02-04,0.7
2022-02-05,1.2
2022-02-06,-0.1
2022-02-07,-0.8
2022-02-08,-1.3
2022-02-09,0.6
2022-02-10,1.0
2022-02-11,0.8
2022-02-12,1.2
2022-02-13,0.9
2022-02-14,-0.6
2022-02-15,1.2
2022-02-16,0.5
2022-02-17,-0.7
2022-02-18,-1.0
2022-02-19,0.0
2022-02-20,0.5
2022-02-21,-0.6
2022-02-22,0.7
2022-02-23,0.4
2022-02-24,0.4
2022-02-25,0.2
2022-02-26,-0.2
2022-02-27,0.7
2022-02-28,-0.4
2022-03-01,-0.0
2022-03-02,0.7
2022-03-03,-0.1
2022-03-04,0.3
2022-03-05,-1.9
2022-03-06,0.4
2022-03-07,0.5
2022-03-08,-0.1
2022-03-09,-0.5
2022-03-10,0.1
2022-03-11,-0.4
2022-03-12,-0.1
2022-03-13,-0.0
2022-03-14,-0.6
2022-03-15,-0.2
2022-03-16,-0.1
2022-03-17,0.0
2022-03-18,-0.2
2022-03-19,0.6
2022-03-20,0.5
2022-03-21,-0.1
2022-03-23,0.6
2022-03-26,0.4
2022-03-27,-0.3
2022-03-28,0.0
2022-03-29,0.4
2022-03-30,0.3
2022-03-31,-1.2
2022-04-01,-0.0
2022-04-02,1.0
2022-04-03,0.5
2022-04-04,0.6
2022-04-05,-0.6
2022-04-06,0.6
2022-04-07,-1.5
2022-04-08,-0.8
2022-04-09,-0.0
2022-04-10,-0.8
2022-04-11,0.3
2022-04-12,-0.3
2022-04-13,0.0
2022-04-14,-0.0
2022-04-15,0.6
2022-04-16,-0.8
2022-04-17,0.4
2022-04-18,0.4
2022-04-19,0.5
2022-04-20,-0.2
2022-04-21,0.1
2022-04-22,0.7
2022-04-23,-0.4
2022-04-24,0.3
2022-04-25,-1.2
2022-04-26,-0.3
2022-04-27,-0.4
2022-04-28,-0.2
2022-04-29,0.3
2022-04-30,0.2
2022-05-01,-0.7
2022-05-02,0.2
2022-05-03,0.2
2022-05-04,-0.2
2022-05-05,1.2
2022-05-06,0.3
2022-05-07,0.1
2022-05-08,0.6
2022-05-09,0.7
2022-05-10,-0.7
2022-05-11,-0.4
2022-05-12,0.3
2022-05-13,-0.3
2022-05-14,0.2
2022-05-15,0.1
2022-05-16,0.1
2022-05-17,-0.5
2022-05-18,0.4
2022-05-19,-1.0
2022-05-20,-0.3
2022-05-21,-0.0
2022-05-22,-0.7
2022-05-23,-0.0
2022-05-24,-0.3
2022-05-25,-0.5
2022-05-26,0.0
2022-05-27,0.2
2022-05-28,0.0
2022-05-29,-0.2
2022-05-30,0.2
2022-05-31,-0.1
2022-06-01,-1.7
2022-06-02,-0.8
2022-06-03,0.0
2022-06-04,-1.0
2022-06-05,-0.4
2022-06-06,-1.2
2022-06-07,-1.3
2022-06-08,-1.7
2022-06-09,-0.6
2022-06-10,-0.5
2022-06-11,-0.6
2022-06-12,-0.6
2022-06-13,0.1
2022-06-14,-1.4
2022-06-15,-0.0
2022-06-16,-0.5
2022-06-17,0.4
2022-06-18,-1.1
2022-06-19,0.2
2022-06-20,-0.2
2022-06-21,-0.1
2022-06-22,-0.5
2022-06-23,-0.2
2022-06-24,-0.8
2022-06-25,-1.2
2022-06-26,0.6
2022-06-27,-0.5
2022-06-28,-0.4
2022-06-29,-0.4
2022-06-30,-0.5
2022-07-01,0.1
2022-07-02,-2.5
2022-07-03,-1.4
2022-07-04,1.1
2022-07-05,0.1
2022-07-06,-0.2
2022-07-07,-1.2
2022-07-08,-0.5
2022-07-09,-0.2
2022-07-10,1.2
2022-07-11,1.3
2022-07-12,0.5
2022-07-13,1.6
2022-07-14,0.2
2022-07-15,-0.6
2022-07-16,-0.1
2022-07-17,-0.9
2022-07-18,-0.9
2022-07-19,0.5
2022-07-20,0.3
2022-07-21,-0.4
2022-07-22,-1.5
2022-07-23,1.3
2022-07-24,-0.4
2022-07-25,0.2
2022-07-26,-0.9
2022-07-27,-1.4
2022-07-28,-1.0
2022-07-29,-0.7
2022-07-30,-0.2
2022-07-31,-0.4
2022-08-01,-0.5
2022-08-02,0.1
2022-08-03,-0.0
2022-08-04,1.7
2022-08-05,-0.1
2022-08-06,1.4
2022-08-07,0.5
2022-08-08,2.1
2022-08-09,0.6
2022-08-10,0.3
2022-08-11,-0.1
2022-08-12,0.8
2022-08-13,1.3
2022-08-14,0.8
2022-08-15,0.1
2022-08-16,-0.1
2022-08-17,-0.2
2022-08-18,-0.6
2022-08-19,-0.7
2022-08-20,-0.9
2022-08-21,-1.0
2022-08-22,0.1
2022-08-23,-0.1
2022-08-24,0.7
2022-08-25,0.2
2022-08-26,1.3
2022-08-27,1.0
2022-08-28,1.3
2022-08-29,0.5
2022-08-30,2.1
2022-08-31,0.1
2022-09-01,-1.7
2022-09-02,-0.1
2022-09-03,0.3
2022-09-04,-0.7
2022-09-05,-0.3
2022-09-06,-1.3
2022-09-07,0.1
2022-09-08,0.6
2022-09-09,0.9
2022-09-10,-0.6
2022-09-11,0.0
2022-09-12,0.4
2022-09-13,-0.9
2022-09-14,-0.8
2022-09-15,0.1
2022-09-16,0.5
2022-09-17,1.8
2022-09-18,1.9
2022-09-19,0.4
2022-09-20,0.0
2022-09-21,1.5
2022-09-22,-0.2
2022-09-23,1.3
2022-09-24,1.2
2022-09-25,1.4
2022-09-26,0.7
2022-09-27,0.9
2022-09-28,0.4
2022-09-29,-0.0
2022-09-30,1.7
2022-10-01,0.6
2022-10-02,-0.9
2022-10-03,-0.0
2022-10-04,-0.6
2022-10-05,-0.9
2022-10-06,1.0
2022-10-07,0.6
2022-10-08,1.1
2022-10-09,0.5
2022-10-10,-0.6
2022-10-11,0.6
2022-10-12,0.4
2022-10-13,-1.0
2022-10-14,-1.3
2022-10-15,0.6
2022-10-16,0.0
2022-10-17,-0.1
2022-10-18,-0.8
2022-10-19,-2.6
2022-10-20,-1.0
2022-10-21,-0.3
2022-10-22,0.0
2022-10-23,-0.1
2022-10-24,-1.0
2022-10-25,-0.2
2022-10-26,0.2
2022-10-27,-0.1
2022-10-28,0.0
2022-10-29,-0.1
2022-10-30,0.6
2022-10-31,0.4
2022-11-01,1.3
2022-11-02,0.9
2022-11-03,0.0
2022-11-04,-0.3
2022-11-05,-1.2
2022-11-06,0.3
2022-11-07,0.2
2022-11-08,0.3
2022-11-09,0.4
2022-11-10,0.8
2022-11-11,-1.3
2022-11-12,1.0
2022-11-13,0.3
2022-11-14,0.7
2022-11-15,0.2
2022-11-16,0.5
2022-11-17,-0.1
2022-11-18,0.1
2022-11-19,0.8
2022-11-20,0.3
2022-11-21,0.0
2022-11-22,0.1
2022-11-23,0.5
2022-11-24,0.1
2022-11-25,-1.0
2022-11-26,-0.4
2022-11-27,0.4
2022-11-28,0.4
2022-11-29,-0.6
2022-11-30,-0.5
2022-12-01,-0.0
2022-12-02,-1.2
2022-12-03,0.8
2022-12-04,0.1
2022-12-05,0.5
2022-12-06,0.1
2022-12-07,0.2
2022-12-08,-0.2
2022-12-09,0.3
2022-12-10,0.4
2022-12-11,0.1
2022-12-12,0.4
2022-12-13,-0.7
2022-12-14,-0.8
2022-12-15,0.2
2022-12-16,0.8
2022-12-17,-0.1
2022-12-18,-0.5
2022-12-19,0.2
2022-12-20,-0.0
2022-12-21,-0.1
2022-12-22,0.0
2022-12-23,0.4
2022-12-24,0.5
2022-12-25,-0.5
2022-12-26,0.5
2022-12-27,-1.2
2022-12-28,-1.6
2022-12-29,-0.3
2022-12-30,-0.9
2022-12-31,-1.3
2023-01-01,-0.9
2023-01-02,0.5
2023-01-03,-0.6
2023-01-04,-1.2
2023-01-05,0.1
2023-01-06,-0.4
2023-01-07,-0.0
2023-01-08,0.8
2023-01-09,1.3
2023-01-10,0.9
2023-01-11,0.3
2023-01-12,0.1
2023-01-13,-0.6
2023-01-14,-0.0
2023-01-15,-0.1
2023-01-16,-0.8
2023-01-17,0.0
2023-01-18,0.2
2023-01-19,0.3
2023-01-20,-0.8
2023-01-21,0.5
2023-01-22,0.1
2023-01-23,0.5
2023-01-24,-1.3
2023-01-25,-0.8
2023-01-26,0.3
2023-01-27,0.4
2023-01-28,-0.4
2023-01-29,0.6
2023-01-30,-0.6
2023-01-31,0.5
2023-02-01,-0.6
2023-02-02,0.0
2023-02-03,-0.7
2023-02-04,-0.3
2023-02-05,-0.8
2023-02-06,-0.1
2023-02-07,-0.7
2023-02-08,-1.8
2023-02-09,0.5
2023-02-10,0.5
2023-02-11,-0.0
2023-02-12,-1.0
2023-02-13,0.6
2023-02-14,0.4
2023-02-15,-0.5
2023-02-16,0.1
2023-02-17,0.6
2023-02-18,0.4
2023-02-19,0.7
2023-02-20,0.6
2023-02-21,0.6
2023-02-22,0.6
2023-02-23,0.5
2023-02-24,0.4
2023-02-25,0.5
2023-02-26,0.8
2023-02-27,-0.2
2023-02-28,-0.6
2023-03-01,-0.1
2023-03-02,-0.4
2023-03-03,0.1
2023-03-04,-0.6
2023-03-05,-1.9
2023-03-06,-1.2
2023-03-07,-1.4
2023-03-08,-0.2
2023-03-09,-0.0
2023-03-10,-1.1
2023-03-11,-0.5
2023-03-12,0.3
2023-03-13,-1.5
2023-03-14,0.0
2023-03-15,-0.9
2023-03-16,-0.6
2023-03-17,-0.4
2023-03-18,0.6
2023-03-19,-0.8
2023-03-20,0.4
2023-03-21,0.4
2023-03-22,-1.0
2023-03-23,-1.3
2023-03-24,0.1
2023-03-25,0.0
2023-03-26,-0.2
2023-03-27,0.4
2023-03-28,0.1
2023-03-29,-1.6
2023-03-30,0.2
2023-03-31,0.3
2023-04-01,0.2
2023-04-02,1.1
2023-04-03,1.2
2023-04-04,0.9
2023-04-05,0.8
2023-04-06,-0.5
2023-04-07,0.7
2023-04-08,0.6
2023-04-09,0.8
2023-04-10,-1.0
2023-04-11,-0.0
2023-04-12,0.3
2023-04-13,-0.1
2023-04-14,-0.2
2023-04-15,0.6
2023-04-16,-0.2
2023-04-17,-0.2
2023-04-18,0.0
2023-04-19,0.4
2023-04-20,0.3
2023-04-21,0.4
2023-04-22,-2.6
2023-04-23,0.7
2023-04-24,-0.6
2023-04-25,0.3
2023-04-26,-1.8
2023-04-27,-0.4
2023-04-28,0.3
2023-04-29,-1.0
2023-04-30,-0.2
2023-05-01,-1.3
2023-05-02,-2.2
2023-05-03,-0.1
2023-05-04,-1.5
2023-05-05,-0.3
2023-05-06,-1.0
2023-05-07,-0.8
2023-05-08,-0.1
2023-05-09,-0.4
2023-05-10,-0.0
2023-05-11,-0.1
2023-05-12,0.5
2023-05-14,1.2
2023-05-15,-0.4
2023-05-16,0.9
2023-05-17,0.2
2023-05-18,-0.9
2023-05-19,-0.2
2023-05-20,0.3
2023-05-21,-1.2
2023-05-22,0.1
2023-05-23,0.6
2023-05-24,-1.6
2023-05-25,-0.6
2023-05-26,-0.1
2023-05-27,1.2
2023-05-28,-0.1
2023-05-29,-0.0
2023-05-30,-1.6
2023-05-31,-1.3
2023-06-01,-0.7
2023-06-02,0.6
2023-06-03,-1.7
2023-06-04,-1.0
2023-06-05,-1.2
2023-06-06,0.5
2023-06-07,0.5
2023-06-08,0.5
2023-06-09,0.5
2023-06-10,-0.5
2023-06-11,-0.3
2023-06-12,1.4
2023-06-13,1.1
2023-06-14,0.2
2023-06-15,0.8
2023-06-16,-0.5
2023-06-17,-0.9
2023-06-18,-1.9
2023-06-19,-1.2
2023-06-20,-0.5
2023-06-21,0.3
2023-06-22,0.5
2023-06-23,-0.6
2023-06-24,-0.1
2023-06-25,-0.5
2023-06-26,-0.0
2023-06-27,-0.4
2023-06-28,-0.3
2023-06-29,-0.4
2023-06-30,0.9
2023-07-01,-1.1
2023-07-02,-2.3
2023-07-03,-1.8
2023-07-04,-1.3
2023-07-05,0.5
2023-07-06,-0.3
2023-07-07,0.5
2023-07-08,-0.3
2023-07-09,-0.0
2023-07-10,0.5
2023-07-11,-0.5
2023-07-12,0.1
2023-07-13,-0.2
2023-07-14,0.8
2023-07-15,-0.4
2023-07-16,-0.0
2023-07-17,0.4
2023-07-18,-0.2
2023-07-19,0.3
2023-07-20,0.1
2023-07-21,0.6
2023-07-22,0.4
2023-07-23,-1.1
2023-07-24,0.2
2023-07-25,0.7
2023-07-26,1.2
2023-07-27,-0.9
2023-07-28,-1.4
2023-07-29,-1.9
2023-07-30,-0.6
2023-07-31,-0.1
2023-08-01,0.5
2023-08-02,0.4
2023-08-03,1.2
2023-08-04,1.1
2023-08-05,-0.0
2023-08-06,0.6
2023-08-07,-0.4
2023-08-08,0.5
2023-08-09,-0.1
2023-08-10,1.0
2023-08-11,0.8
2023-08-12,0.1
2023-08-13,1.1
2023-08-14,1.7
2023-08-15,0.1
2023-08-16,-0.8
2023-08-17,0.0
2023-08-18,-1.0
2023-08-19,-0.9
2023-08-20,-0.1
2023-08-21,-1.2
2023-08-22,0.6
2023-08-23,-1.4
2023-08-24,-1.6
2023-08-25,-0.9
2023-08-26,0.5
2023-08-27,-0.0
2023-08-28,0.3
2023-08-29,-0.2
2023-08-30,0.2
2023-08-31,0.8
2023-09-01,1.1
2023-09-02,-0.1
2023-09-03,-0.7
2023-09-04,-0.1
2023-09-05,1.0
2023-09-06,0.6
2023-09-07,0.1
2023-09-08,-0.6
