date,day,tempSkin,dailyrmssd,deeprmssd,restingHeartRate,breathingRate,spo2avg
2021-09-30,25,1.5,80.894,76.424,57,15.4,94.6
2021-10-03,28,0.1,57.908,46.137,58,14.2,94.4
2021-10-04,29,0.5,65.453,58.184,58,15.0,95.1
2021-10-06,31,0.7,57.619,50.259,58,15.6,95.9
2021-10-07,32,-0.5,64.212,53.507,58,15.2,93.8
2021-10-08,33,-1.9,59.633,71.611,58,14.4,93.1
2021-10-09,34,0.7,63.654,54.998,58,14.8,95.4
2021-10-10,35,1.2,65.257,60.728,58,15.0,93.9
2021-10-11,36,1.4,60.469,54.359,57,14.4,95.2
2021-10-15,3,0.4,76.477,72.069,55,15.6,94.6
2021-10-17,5,-1.3,82.936,103.479,55,15.6,94.1
2021-10-19,7,0.0,72.3,63.293,55,14.4,94.3
2021-10-21,9,0.4,76.399,69.238,56,15.4,94.2
2021-10-22,10,-0.1,71.137,66.1,55,15.4,91.5
2021-10-23,11,-1.8,73.935,58.841,55,15.2,95.5
2021-10-24,12,-0.2,69.997,69.592,55,15.0,93.0
2021-10-25,13,-0.3,69.017,68.72,56,15.6,92.4
2021-10-27,15,-0.0,77.188,77.342,55,15.0,93.8
2021-10-28,16,-1.4,70.367,66.659,55,14.8,94.8
2021-10-29,17,-0.8,75.88,79.605,54,15.2,93.3
2021-10-30,18,0.5,70.104,68.807,55,15.4,94.6
2021-10-31,19,1.3,66.55,52.764,55,11.2,94.6
2021-11-01,20,0.6,69.114,65.758,55,14.4,94.1
2021-11-04,23,0.5,61.202,63.616,57,15.4,95.4
2021-11-05,24,0.9,62.65,59.319,58,16.6,96.7
2021-11-06,25,-2.0,63.759,56.902,59,15.2,93.9
2021-11-07,26,1.2,68.619,69.286,58,14.2,95.6
2021-11-08,27,-1.0,75.125,59.74,58,15.2,93.6
2021-11-09,28,-1.2,68.448,63.949,59,14.8,96.2
2021-11-10,29,1.4,58.815,64.47,60,17.2,92.0
2021-11-12,1,0.4,72.901,75.123,60,15.4,90.6
2021-11-14,3,-1.1,57.002,57.579,62,15.8,93.2
2021-11-15,4,0.3,57.36,52.345,62,15.0,94.8
2021-11-16,5,0.2,56.625,65.053,61,14.8,94.3
2021-11-17,6,-0.1,73.894,66.038,60,15.8,96.3
2021-11-18,7,-0.5,68.47,55.627,59,15.8,91.5
2021-11-19,8,-0.5,63.06,58.191,58,15.6,95.9
2021-11-21,10,0.8,69.481,65.646,58,15.4,94.5
2021-11-22,11,0.9,77.743,75.597,58,15.2,94.4
2021-11-23,12,0.2,68.84,68.519,57,14.8,92.6
2021-11-26,15,0.8,73.491,69.348,58,14.6,93.3
2021-11-27,16,0.7,77.109,79.083,58,15.4,91.2
2021-11-28,17,0.1,59.462,58.205,58,14.2,93.4
2021-11-29,18,-0.5,69.579,69.715,58,15.4,94.9
2021-12-01,20,-0.3,65.989,60.625,58,15.4,96.0
2021-12-03,22,0.2,62.377,55.152,58,13.8,93.9
2021-12-04,23,-1.1,60.606,53.969,58,14.4,95.3
2021-12-05,24,1.4,47.592,55.439,61,14.4,95.7
2021-12-06,25,0.3,54.955,50.115,61,15.4,95.7
2021-12-07,26,0.4,57.58,53.308,61,15.6,96.0
2021-12-08,27,-0.3,53.485,47.257,61,15.8,95.4
2021-12-09,1,-2.4,65.005,59.761,59,16.4,93.2
2021-12-10,2,-2.0,66.271,63.759,59,15.8,94.9
2021-12-12,4,-2.2,68.315,62.414,59,15.8,94.4
2021-12-13,5,-0.7,59.171,48.987,59,16.4,96.8
2021-12-17,9,-0.6,53.948,50.137,56,14.8,94.2
2021-12-18,10,-0.2,56.801,64.317,56,14.0,94.9
2021-12-19,11,0.3,67.145,63.027,55,15.4,95.4
2021-12-20,12,1.3,67.174,58.489,55,15.2,94.4
2021-12-21,13,-1.8,52.115,44.711,57,16.4,95.5
2021-12-22,14,-0.2,68.927,68.007,57,14.4,92.6
2021-12-24,16,-2.2,63.242,60.28,58,16.4,96.3
2021-12-25,17,2.1,56.71,56.015,58,15.6,93.9
2021-12-27,19,-1.3,65.057,48.716,60,16.6,92.2
2021-12-28,20,-0.0,54.402,41.875,60,11.8,91.8
2021-12-29,21,-0.3,59.363,58.961,60,15.4,93.5
2021-12-31,23,-0.0,62.537,53.192,60,16.2,93.0
2022-01-01,24,1.5,57.104,64.977,60,15.4,95.7
2022-01-02,25,1.1,63.596,60.803,61,16.6,93.7
2022-01-03,26,0.7,57.646,55.903,59,14.6,93.1
2022-01-04,27,0.6,52.4,46.963,60,15.4,94.4
2022-01-06,29,2.0,49.832,44.56,60,15.0,94.5
2022-01-07,30,0.3,48.63,42.963,60,14.4,94.3
2022-01-08,1,0.7,60.424,60.198,59,15.8,93.7
2022-01-09,2,-0.0,63.788,64.824,58,15.4,93.8
2022-01-10,3,0.1,77.215,72.698,55,15.2,94.3
2022-01-11,4,-0.6,76.299,74.915,54,15.6,97.8
2022-01-12,5,0.9,76.663,65.774,54,16.2,95.3
2022-01-13,6,-0.1,71.059,68.145,54,16.0,93.8
2022-01-14,7,0.4,78.411,75.135,54,15.2,94.3
2022-01-15,8,-0.5,79.332,71.67,53,15.2,96.6
2022-01-16,9,0.6,83.786,64.817,53,15.8,93.6
2022-01-17,10,0.7,64.26,63.564,53,14.6,94.7
2022-01-18,11,-0.5,73.724,66.417,54,15.0,95.0
2022-01-20,13,1.0,63.779,57.832,54,15.0,95.3
2022-01-21,14,0.6,78.687,77.065,54,14.2,92.9
2022-01-22,15,-0.8,78.839,75.131,54,15.0,95.3
2022-01-24,17,0.2,65.271,65.11,54,15.0,96.1
2022-01-25,18,-0.5,76.855,56.831,54,15.8,95.2
2022-01-26,19,0.6,73.625,62.437,54,15.0,93.6
2022-01-27,20,-0.8,68.563,62.721,55,15.8,92.2
2022-01-28,21,0.8,68.819,49.232,56,15.2,92.2
2022-01-29,22,-0.6,69.754,69.505,56,16.0,93.2
2022-01-31,24,0.3,62.838,56.502,57,15.2,93.6
2022-02-01,25,1.0,62.391,52.08,57,15.0,93.7
2022-02-03,27,1.0,59.768,63.916,58,14.6,92.3
2022-02-04,28,0.7,55.184,54.091,58,14.8,95.0
2022-02-05,29,1.2,60.526,61.356,58,15.2,94.8
2022-02-06,30,-0.1,64.154,65.808,58,16.0,95.4
2022-02-07,31,-0.8,56.264,55.051,60,17.2,94.8
2022-02-09,1,0.6,63.265,56.609,59,16.0,94.2
2022-02-10,2,1.0,75.593,67.648,59,16.2,94.9
2022-02-11,3,0.8,86.06,77.025,58,16.4,95.5
2022-02-12,4,1.2,79.831,76.336,57,16.2,93.1
2022-02-13,5,0.9,75.813,68.202,56,15.8,92.0
2022-02-14,6,-0.6,69.878,56.551,56,15.8,93.7
2022-02-15,7,1.2,74.059,61.489,56,15.0,95.1
2022-02-16,8,0.5,70.346,70.4,56,16.2,94.5
2022-02-17,9,-0.7,72.082,69.393,56,15.8,95.9
2022-02-18,10,-1.0,82.639,80.885,56,15.4,93.7
2022-02-19,11,0.0,73.45,63.6,56,15.4,95.5
2022-02-20,12,0.5,86.557,66.461,56,15.8,94.5
2022-02-21,13,-0.6,78.349,73.859,56,16.0,93.0
2022-02-22,14,0.7,80.258,75.914,56,14.6,95.0
2022-02-23,15,0.4,80.791,87.681,56,15.0,94.0
2022-02-24,16,0.4,68.177,61.897,57,16.0,93.1
2022-02-26,18,-0.2,65.192,56.97,58,14.4,96.6
2022-02-27,19,0.7,68.56,68.217,57,15.6,95.4
2022-02-28,20,-0.4,73.209,66.492,57,15.8,93.4
2022-03-01,21,-0.0,68.855,59.348,56,14.8,93.9
2022-03-02,22,0.7,64.215,57.819,55,14.8,95.1
2022-03-03,23,-0.1,70.842,69.421,55,15.6,94.3
2022-03-06,26,0.4,58.115,59.615,59,15.2,93.2
2022-03-07,27,0.5,61.03,63.809,59,14.8,93.7
2022-03-08,28,-0.1,66.783,62.43,58,15.2,93.7
2022-03-11,1,-0.4,77.783,84.517,55,15.0,93.4
2022-03-12,2,-0.1,84.197,79.521,54,14.6,94.6
2022-03-13,3,-0.0,86.311,76.515,52,14.0,92.2
2022-03-14,4,-0.6,90.111,86.718,52,14.4,93.3
2022-03-15,5,-0.2,66.821,68.183,52,14.2,93.4
2022-03-16,6,-0.1,69.149,64.065,53,14.8,90.9
2022-03-17,7,0.0,80.296,74.313,53,14.6,94.1
2022-03-18,8,-0.2,84.109,82.184,53,15.8,96.4
2022-03-19,9,0.6,80.167,68.812,52,15.0,92.8
2022-03-20,10,0.5,77.54,72.935,53,13.8,94.0
2022-03-21,11,-0.1,78.694,75.649,53,14.6,95.8
2022-03-23,13,0.6,87.367,89.804,53,14.6,93.4
2022-03-26,16,0.4,79.83,79.004,54,14.8,93.7
2022-03-27,17,-0.3,89.955,77.292,53,14.0,95.1
2022-03-28,18,0.0,76.348,77.205,54,16.2,93.1
2022-03-29,19,0.4,74.529,63.8,54,14.8,94.6
2022-03-30,20,0.3,69.846,69.573,55,15.0,94.0
2022-03-31,21,-1.2,75.757,70.659,55,14.6,95.6
2022-04-01,22,-0.0,61.467,59.809,57,14.8,92.4
2022-04-02,23,1.0,71.776,69.226,57,14.8,94.5
2022-04-03,24,0.5,62.932,66.289,57,14.6,92.3
2022-04-04,25,0.6,62.066,61.813,56,14.6,96.1
2022-04-05,26,-0.6,64.725,58.485,58,14.8,94.6
2022-04-07,1,-1.5,72.587,61.712,58,14.8,93.7
2022-04-08,2,-0.8,77.412,77.306,57,15.0,91.1
2022-04-09,3,-0.0,79.503,76.83,55,15.0,92.7
2022-04-11,5,0.3,73.792,72.657,55,14.6,95.4
2022-04-12,6,-0.3,65.084,61.979,55,14.4,93.2
2022-04-13,7,0.0,76.138,81.569,54,15.0,93.9
2022-04-14,8,-0.0,63.498,61.125,56,15.0,95.0
2022-04-16,10,-0.8,55.293,53.281,56,14.0,92.6
2022-04-18,12,0.4,71.879,71.986,56,14.2,96.5
2022-04-19,13,0.5,69.99,65.236,56,14.4,95.7
2022-04-21,15,0.1,52.951,50.623,57,14.6,94.4
2022-04-22,16,0.7,62.839,62.226,57,14.2,96.1
2022-04-23,17,-0.4,54.226,50.813,58,15.2,93.8
2022-04-24,18,0.3,30.009,29.247,60,13.0,95.8
2022-04-25,19,-1.2,53.534,44.054,60,14.6,91.7
2022-04-26,20,-0.3,36.526,34.861,63,15.8,91.6
2022-04-27,21,-0.4,62.693,61.071,61,14.4,92.5
2022-04-28,22,-0.2,68.192,66.264,58,15.4,95.1
2022-04-29,23,0.3,58.492,55.003,56,14.6,95.3
2022-04-30,24,0.2,50.5,47.852,56,14.6,94.2
2022-05-01,25,-0.7,52.592,52.225,55,14.6,95.2
2022-05-02,26,0.2,51.158,45.925,56,15.0,94.4
2022-05-03,27,0.2,52.331,52.991,56,15.0,96.0
2022-05-04,28,-0.2,53.081,44.39,57,15.2,93.1
2022-05-05,29,1.2,41.589,36.352,59,15.6,93.8
2022-05-06,30,0.3,49.095,47.556,59,15.8,94.3
2022-05-07,31,0.1,45.576,37.119,61,16.0,92.9
2022-05-09,1,0.7,67.483,67.268,59,16.2,93.5
2022-05-11,3,-0.4,82.525,77.63,56,15.8,93.4
2022-05-14,6,0.2,74.542,68.561,53,16.0,94.1
2022-05-15,7,0.1,77.489,71.147,54,16.4,92.3
2022-05-18,10,0.4,77.194,71.144,53,15.4,95.1
2022-05-22,14,-0.7,57.844,59.299,55,15.6,92.6
2022-05-25,17,-0.5,83.994,92.525,54,15.2,97.5
2022-05-26,18,0.0,79.298,76.918,54,14.8,91.8
2022-05-27,19,0.2,67.047,64.269,54,15.8,93.5
2022-05-28,20,0.0,85.896,83.702,54,14.8,94.9
2022-05-29,21,-0.2,77.866,71.34,54,16.0,93.6
2022-05-30,22,0.2,85.382,80.649,54,15.0,93.7
2022-05-31,23,-0.1,78.849,79.129,53,14.4,93.5
2022-06-01,24,-1.7,74.343,72.128,54,14.2,94.5
2022-06-03,26,0.0,53.16,43.857,58,15.2,94.2
2022-06-04,27,-1.0,60.529,59.715,60,15.4,94.5
2022-06-05,28,-0.4,48.95,45.575,62,15.6,94.8
2022-06-06,29,-1.2,53.986,50.969,64,14.2,92.7
2022-06-07,30,-1.3,52.633,61.545,64,15.2,93.8
2022-06-09,32,-0.6,44.662,37.352,62,16.0,94.0
2022-06-11,1,-0.6,63.34,60.935,61,15.4,92.0
2022-06-13,3,0.1,71.366,68.036,57,15.0,94.9
2022-06-15,5,-0.0,63.627,56.981,55,15.6,94.2
2022-06-16,6,-0.5,54.862,46.439,57,15.8,92.9
2022-06-17,7,0.4,73.289,67.046,56,16.0,94.9
2022-06-18,8,-1.1,65.631,57.95,55,16.6,93.7
2022-06-20,10,-0.2,75.54,65.633,53,16.2,94.8
2022-06-21,11,-0.1,66.231,54.778,53,15.4,91.2
2022-06-22,12,-0.5,66.841,63.605,53,15.2,92.9
2022-06-23,13,-0.2,78.05,71.866,53,15.8,93.0
2022-06-24,14,-0.8,83.503,77.565,52,14.6,95.2
2022-06-25,15,-1.2,74.629,72.956,52,16.0,95.2
2022-06-27,17,-0.5,71.806,64.082,51,15.4,95.3
2022-06-28,18,-0.4,75.693,67.168,51,15.0,96.2
2022-06-30,20,-0.5,71.943,67.124,53,15.2,94.2
2022-07-01,21,0.1,64.065,51.507,55,15.2,94.8
2022-07-04,24,1.1,62.236,54.075,57,15.2,95.9
2022-07-05,25,0.1,64.736,60.066,58,15.6,91.6
2022-07-06,26,-0.2,45.081,40.486,60,15.4,95.4
2022-07-07,27,-1.2,56.086,43.529,60,15.8,92.8
2022-07-10,30,1.2,22.124,34.776,63,19.6,94.4
2022-07-11,31,1.3,18.617,25.596,65,19.8,93.7
2022-07-12,32,0.5,48.573,41.43,65,19.2,95.2
2022-07-13,1,1.6,27.388,33.81,68,16.8,94.6
2022-07-15,3,-0.6,59.316,53.556,63,15.2,93.2
2022-07-16,4,-0.1,72.179,70.78,61,15.4,95.6
2022-07-17,5,-0.9,73.314,59.203,59,15.8,95.5
2022-07-19,7,0.5,87.126,78.591,55,15.2,93.9
2022-07-20,8,0.3,89.572,62.656,54,16.2,94.4
2022-07-21,9,-0.4,91.604,84.115,53,15.6,95.4
2022-07-23,11,1.3,74.224,72.952,53,16.0,94.7
2022-07-25,13,0.2,75.348,64.995,53,15.4,91.0
2022-07-26,14,-0.9,79.359,70.417,54,15.4,92.5
2022-07-27,15,-1.4,63.168,60.243,55,14.8,94.9
2022-07-28,16,-1.0,77.576,64.986,55,13.4,95.0
2022-07-30,18,-0.2,81.343,75.631,55,15.8,94.2
2022-07-31,19,-0.4,77.128,72.33,55,15.6,93.5
2022-08-01,20,-0.5,66.167,58.683,56,16.4,92.0
2022-08-02,21,0.1,64.738,64.84,58,16.2,94.6
2022-08-03,22,-0.0,72.951,74.769,57,15.8,96.1
2022-08-04,23,1.7,67.759,57.243,57,16.4,93.7
2022-08-05,24,-0.1,72.107,80.493,57,15.6,93.5
2022-08-06,25,1.4,70.901,58.584,57,16.4,94.6
2022-08-07,26,0.5,52.411,53.096,59,14.4,93.1
2022-08-08,27,2.1,52.664,55.607,60,15.2,93.5
2022-08-09,28,0.6,71.021,63.453,60,17.0,92.6
2022-08-10,29,0.3,66.199,64.283,60,16.4,93.7
2022-08-11,30,-0.1,63.556,67.408,60,15.8,95.7
2022-08-12,31,0.8,61.741,58.465,59,15.2,94.4
2022-08-15,3,0.1,73.256,63.18,59,16.6,94.2
2022-08-16,4,-0.1,77.252,85.161,58,15.8,95.2
2022-08-18,6,-0.6,84.082,76.731,55,15.8,96.8
2022-08-19,7,-0.7,85.316,83.259,54,15.6,94.0
2022-08-22,10,0.1,84.302,80.727,53,15.0,94.4
2022-08-23,11,-0.1,69.41,63.527,54,15.4,92.8
2022-08-24,12,0.7,55.61,49.062,55,14.4,92.1
2022-08-26,14,1.3,73.019,67.995,55,13.8,96.5
2022-08-27,15,1.0,82.454,86.209,54,12.6,95.2
2022-08-28,16,1.3,59.635,53.755,56,14.8,93.6
2022-08-29,17,0.5,35.552,31.388,57,16.2,93.4
2022-08-30,18,2.1,16.681,22.122,61,21.6,94.3
2022-08-31,19,0.1,77.956,75.14,59,16.6,93.4
2022-09-01,20,-1.7,71.53,70.477,58,15.0,93.4
2022-09-02,21,-0.1,57.474,60.31,59,15.2,91.5
2022-09-05,24,-0.3,67.373,64.453,60,16.4,92.3
2022-09-06,25,-1.3,65.078,53.187,59,16.8,92.7
2022-09-07,26,0.1,64.93,64.016,58,15.4,97.6
2022-09-09,28,0.9,62.657,59.161,56,14.6,94.2
2022-09-11,30,0.0,60.289,57.871,57,15.6,93.7
2022-09-12,31,0.4,53.083,47.52,56,15.4,93.5
2022-09-13,32,-0.9,56.469,54.683,57,15.2,96.7
2022-09-14,33,-0.8,56.267,48.091,57,15.4,93.6
2022-09-15,34,0.1,57.473,61.917,56,15.8,94.6
2022-09-16,35,0.5,75.336,54.886,56,15.0,92.5
2022-09-17,36,1.8,58.487,60.128,57,15.8,95.8
2022-09-18,37,1.9,63.417,58.651,56,15.0,94.8
2022-09-19,38,0.4,57.834,53.594,57,15.0,94.1
2022-09-20,39,0.0,43.085,38.608,59,15.4,93.9
2022-09-21,40,1.5,45.802,46.309,61,15.6,92.6
2022-09-22,41,-0.2,39.358,39.725,61,14.0,95.2
2022-09-23,42,1.3,48.695,54.676,61,14.6,94.7
2022-09-24,43,1.2,49.563,42.828,60,15.2,93.9
2022-09-25,44,1.4,57.76,53.615,59,16.6,95.7
2022-09-26,1,0.7,60.369,56.08,58,15.6,95.3
2022-09-27,2,0.9,71.233,98.421,56,14.6,94.5
2022-09-28,3,0.4,70.699,67.521,55,15.8,94.3
2022-09-29,4,-0.0,81.211,74.502,54,15.2,94.5
2022-09-30,5,1.7,68.663,69.693,54,14.6,94.8
2022-10-01,6,0.6,67.079,114.197,54,14.0,94.8
2022-10-03,8,-0.0,82.518,64.026,53,15.6,93.4
2022-10-04,9,-0.6,75.473,63.12,54,14.4,93.1
2022-10-06,11,1.0,76.435,70.892,54,15.6,95.3
2022-10-07,12,0.6,78.45,74.847,53,15.0,93.8
2022-10-08,13,1.1,82.098,80.636,53,14.8,95.9
2022-10-10,15,-0.6,72.167,66.976,55,15.6,93.2
2022-10-11,16,0.6,69.21,64.378,55,14.4,94.6
2022-10-12,17,0.4,73.113,75.938,55,15.6,94.8
2022-10-13,18,-1.0,69.518,64.133,55,14.6,93.3
2022-10-14,19,-1.3,64.577,55.536,56,14.8,92.7
2022-10-15,20,0.6,44.314,44.999,58,13.8,94.6
2022-10-17,22,-0.1,53.73,53.27,60,15.8,93.5
2022-10-18,23,-0.8,64.232,67.869,60,15.4,93.6
2022-10-19,24,-2.6,60.569,54.784,60,16.4,94.9
2022-10-20,25,-1.0,55.909,56.456,60,16.0,94.0
2022-10-21,26,-0.3,50.416,47.348,60,14.6,93.4
2022-10-22,27,0.0,48.741,48.633,61,15.4,93.1
2022-10-24,29,-1.0,57.545,48.804,60,17.2,93.5
2022-10-25,30,-0.2,50.57,51.229,61,15.0,94.1
2022-10-26,31,0.2,55.934,53.975,62,15.2,94.2
2022-10-27,32,-0.1,53.217,63.953,61,15.4,92.8
2022-10-28,33,0.0,54.837,57.722,60,16.0,93.9
2022-10-29,34,-0.1,65.729,61.153,59,16.6,96.7
2022-10-30,35,0.6,57.37,48.68,59,15.0,92.8
2022-11-01,37,1.3,56.305,67.573,61,16.8,95.8
2022-11-02,1,0.9,61.978,62.111,59,16.4,93.4
2022-11-03,2,0.0,69.627,75.472,57,12.8,92.7
2022-11-05,4,-1.2,73.3,69.597,56,15.6,95.2
2022-11-06,5,0.3,59.701,58.431,55,14.4,92.8
2022-11-07,6,0.2,61.564,59.873,57,14.8,91.9
2022-11-08,7,0.3,69.43,63.674,56,15.4,92.3
2022-11-10,9,0.8,66.82,67.215,55,14.6,93.8
2022-11-11,10,-1.3,71.577,62.953,56,16.0,92.7
2022-11-12,11,1.0,53.632,51.555,56,14.2,94.8
2022-11-13,12,0.3,66.816,70.506,57,15.8,92.8
2022-11-14,13,0.7,71.222,66.272,56,15.6,93.7
2022-11-15,14,0.2,66.835,56.89,56,15.0,91.7
2022-11-16,15,0.5,76.203,83.82,56,15.8,92.8
2022-11-17,16,-0.1,68.877,63.767,57,16.2,97.3
2022-11-18,17,0.1,67.847,51.734,58,14.6,93.3
2022-11-19,18,0.8,59.32,49.958,58,14.8,94.5
2022-11-20,19,0.3,83.056,79.726,57,15.4,92.7
2022-11-21,20,0.0,82.976,66.972,56,15.6,90.7
2022-11-22,21,0.1,81.534,73.382,56,15.2,95.2
2022-11-23,22,0.5,80.95,79.275,56,15.8,91.6
2022-11-24,23,0.1,75.978,73.693,56,16.2,95.8
2022-11-25,24,-1.0,48.362,47.713,58,15.4,92.3
2022-11-26,25,-0.4,41.54,42.308,60,15.4,93.6
2022-11-27,26,0.4,49.355,44.58,61,15.6,93.7
2022-11-28,27,0.4,60.048,61.611,59,15.8,93.5
2022-11-29,28,-0.6,75.076,63.467,58,15.6,94.4
2022-12-01,30,-0.0,61.441,59.42,58,15.2,94.1
2022-12-02,31,-1.2,84.887,79.168,57,14.6,92.7
2022-12-04,33,0.1,63.587,64.807,59,15.8,93.5
2022-12-06,35,0.1,66.391,63.744,57,15.2,96.2
2022-12-07,36,0.2,57.31,54.096,57,13.8,93.1
2022-12-08,37,-0.2,56.016,50.171,58,14.2,95.1
2022-12-09,38,0.3,48.733,46.402,59,15.8,92.7
2022-12-10,39,0.4,53.631,47.543,59,15.6,92.1
2022-12-11,40,0.1,72.163,66.739,58,15.2,92.2
2022-12-13,42,-0.7,72.789,69.404,57,16.4,92.9
2022-12-15,2,0.2,48.164,41.163,57,15.4,93.9
2022-12-16,3,0.8,36.941,33.44,59,15.4,95.6
2022-12-17,4,-0.1,46.155,37.659,57,14.8,95.3
2022-12-18,5,-0.5,41.963,41.17,58,14.8,93.1
2022-12-21,8,-0.1,65.054,53.381,56,15.6,93.0
2022-12-24,11,0.5,63.556,51.98,56,15.8,95.1
2022-12-25,12,-0.5,61.353,56.194,56,15.0,94.8
2022-12-26,13,0.5,59.973,52.345,56,15.0,95.4
2022-12-27,14,-1.2,52.17,43.806,57,15.2,92.6
2022-12-28,15,-1.6,50.22,50.27,59,16.6,96.1
2022-12-29,16,-0.3,53.017,41.668,59,16.6,94.4
2022-12-30,17,-0.9,42.019,40.918,61,16.0,93.2
2022-12-31,18,-1.3,41.098,34.981,61,15.8,94.4
2023-01-01,19,-0.9,33.678,38.851,63,14.8,95.0
2023-01-02,20,0.5,41.094,47.393,62,15.0,94.8
2023-01-03,21,-0.6,50.961,46.196,60,15.4,92.2
2023-01-04,22,-1.2,49.425,51.758,59,15.0,92.5
2023-01-05,23,0.1,49.889,37.735,60,15.2,93.1
2023-01-06,24,-0.4,52.868,49.719,59,15.8,91.9
2023-01-07,25,-0.0,44.64,36.837,60,15.6,92.6
2023-01-08,26,0.8,60.843,60.321,59,15.8,92.2
2023-01-10,28,0.9,36.631,35.692,61,17.4,92.6
2023-01-11,29,0.3,40.056,29.377,63,17.4,93.9
2023-01-12,1,0.1,46.688,49.851,63,16.6,94.1
2023-01-13,2,-0.6,51.904,46.821,62,17.2,93.7
2023-01-15,4,-0.1,52.854,46.05,60,15.8,95.3
2023-01-16,5,-0.8,58.483,57.853,59,15.6,92.9
2023-01-17,6,0.0,57.966,49.805,58,16.0,95.2
2023-01-18,7,0.2,57.834,49.657,58,15.8,93.6
2023-01-19,8,0.3,54.182,42.793,58,15.2,92.8
2023-01-20,9,-0.8,44.985,45.68,58,16.0,95.3
2023-01-21,10,0.5,55.504,53.781,58,15.6,94.6
2023-01-23,12,0.5,87.18,87.315,54,15.4,94.5
2023-01-24,13,-1.3,72.763,63.697,54,15.6,92.8
2023-01-25,14,-0.8,77.015,64.931,54,15.8,92.3
2023-01-27,16,0.4,69.859,66.883,53,15.4,94.7
2023-01-28,17,-0.4,79.572,58.594,54,15.4,93.4
2023-01-29,18,0.6,69.449,63.499,55,15.2,94.3
2023-01-30,19,-0.6,57.507,46.06,56,15.2,93.7
2023-01-31,20,0.5,54.685,54.611,56,14.8,93.4
2023-02-01,21,-0.6,65.519,61.407,56,16.0,91.9
2023-02-03,23,-0.7,63.311,62.263,56,15.8,93.7
2023-02-05,25,-0.8,63.168,54.543,56,14.0,94.4
2023-02-06,26,-0.1,70.112,65.214,57,14.8,95.1
2023-02-07,27,-0.7,57.237,45.569,58,14.8,95.9
2023-02-08,28,-1.8,56.026,45.202,58,15.4,95.2
2023-02-10,30,0.5,56.325,53.079,61,15.0,95.8
2023-02-11,31,-0.0,63.514,59.231,62,13.8,94.3
2023-02-12,32,-1.0,60.308,53.492,62,14.8,93.3
2023-02-13,33,0.6,56.104,49.811,62,14.4,93.1
2023-02-14,34,0.4,53.579,52.959,60,15.2,92.7
2023-02-15,35,-0.5,57.838,55.203,61,15.4,94.7
2023-02-16,36,0.1,48.39,37.795,62,15.8,94.7
2023-02-17,37,0.6,59.029,60.685,62,15.0,94.1
2023-02-18,38,0.4,60.612,63.271,61,16.2,95.3
2023-02-19,39,0.7,58.872,68.992,61,16.0,96.4
2023-02-20,40,0.6,43.488,46.384,62,13.0,94.2
2023-02-21,41,0.6,24.741,21.806,63,16.0,95.3
2023-02-22,42,0.6,38.969,28.489,64,16.6,93.5
2023-02-23,43,0.5,51.843,49.44,64,16.0,96.1
2023-02-24,44,0.4,56.831,52.932,62,14.8,94.1
2023-02-25,45,0.5,56.737,50.726,62,14.8,94.5
2023-02-26,1,0.8,56.688,59.767,61,16.2,92.1
2023-02-27,2,-0.2,71.837,86.125,58,16.0,93.6
2023-03-01,4,-0.1,79.05,69.714,55,15.4,92.4
2023-03-02,5,-0.4,84.262,79.473,53,15.4,92.9
2023-03-03,6,0.1,74.228,75.476,53,14.6,96.7
2023-03-05,8,-1.9,70.382,66.785,54,15.8,93.7
2023-03-06,9,-1.2,82.223,83.072,53,15.8,93.7
2023-03-07,10,-1.4,71.215,67.837,52,15.4,94.5
2023-03-08,11,-0.2,76.819,64.0,51,16.6,95.1
2023-03-09,12,-0.0,81.774,80.914,51,15.8,95.4
2023-03-10,13,-1.1,86.056,82.251,51,14.4,93.5
2023-03-11,14,-0.5,80.719,80.644,53,12.0,95.0
2023-03-18,21,0.6,59.286,54.886,55,14.6,93.8
2023-03-19,22,-0.8,46.915,43.977,58,16.0,94.2
2023-03-20,23,0.4,58.105,56.316,59,14.4,92.5
2023-03-21,24,0.4,74.786,56.343,58,15.2,91.6
2023-03-22,25,-1.0,67.442,61.32,57,15.6,95.5
2023-03-24,27,0.1,77.03,72.228,55,15.4,92.6
2023-03-25,28,0.0,72.769,66.852,55,13.2,92.4
2023-03-26,29,-0.2,74.5,56.52,55,13.6,94.9
2023-03-27,30,0.4,74.466,70.597,54,15.0,92.8
2023-03-28,31,0.1,72.41,70.033,54,15.2,94.1
2023-03-29,32,-1.6,53.304,41.132,56,15.4,93.0
2023-03-31,34,0.3,70.335,57.742,59,14.2,97.1
2023-04-01,35,0.2,59.639,54.457,59,16.4,92.9
2023-04-02,36,1.1,62.94,59.174,59,15.2,94.2
2023-04-03,37,1.2,56.67,60.418,58,13.8,92.4
2023-04-04,38,0.9,62.136,61.648,59,15.6,93.7
2023-04-05,39,0.8,46.905,42.441,60,16.2,93.9
2023-04-06,40,-0.5,62.595,57.143,60,15.6,95.8
2023-04-07,1,0.7,74.643,78.742,58,15.2,94.2
2023-04-09,3,0.8,78.978,77.131,54,15.6,91.7
2023-04-10,4,-1.0,84.464,78.695,53,14.8,95.2
2023-04-11,5,-0.0,77.04,63.962,54,15.4,93.1
2023-04-12,6,0.3,72.95,66.635,54,15.0,92.0
2023-04-13,7,-0.1,92.629,76.072,54,16.0,93.2
2023-04-14,8,-0.2,69.581,75.387,54,15.2,93.6
2023-04-15,9,0.6,70.133,79.565,54,15.2,94.8
2023-04-16,10,-0.2,75.504,75.852,54,15.2,94.2
2023-04-17,11,-0.2,76.86,72.383,54,15.4,95.7
2023-04-18,12,0.0,71.542,62.631,54,15.0,93.3
2023-04-19,13,0.4,71.253,72.356,53,14.8,92.9
2023-04-20,14,0.3,77.527,92.754,54,14.2,95.8
2023-04-21,15,0.4,62.935,341.118,53,12.8,95.3
2023-04-22,16,-2.6,82.606,80.812,53,14.8,90.1
2023-04-23,17,0.7,86.992,85.316,52,15.4,96.4
2023-04-24,18,-0.6,82.352,73.797,52,14.6,95.8
2023-04-25,19,0.3,71.184,61.943,53,15.0,95.8
2023-04-26,20,-1.8,49.409,42.82,55,15.4,97.0
2023-04-27,21,-0.4,68.178,67.102,57,14.2,95.9
2023-04-28,22,0.3,62.529,59.814,56,14.2,95.9
2023-04-30,24,-0.2,80.49,73.715,55,15.0,93.2
2023-05-01,25,-1.3,71.646,65.158,56,13.4,96.4
2023-05-02,26,-2.2,70.85,58.753,57,15.6,93.5
2023-05-03,27,-0.1,66.483,58.932,55,14.0,92.9
2023-05-05,29,-0.3,52.352,46.459,57,14.8,94.1
2023-05-06,30,-1.0,45.273,43.282,58,15.0,93.7
2023-05-08,32,-0.1,53.441,57.425,60,15.6,94.9
2023-05-09,33,-0.4,43.824,38.815,60,15.4,94.3
2023-05-10,34,-0.0,42.733,41.652,61,15.8,95.6
2023-05-11,35,-0.1,43.797,44.046,60,15.6,95.3
2023-05-12,36,0.5,48.006,44.706,60,16.2,92.8
2023-05-14,38,1.2,55.004,53.41,58,16.2,92.8
2023-05-15,1,-0.4,63.988,67.678,56,16.2,93.2
2023-05-16,2,0.9,72.189,65.696,55,15.4,94.4
2023-05-18,4,-0.9,60.203,61.914,55,15.8,92.8
2023-05-19,5,-0.2,77.463,70.296,54,15.8,94.9
2023-05-20,6,0.3,82.314,76.372,53,16.2,95.4
2023-05-21,7,-1.2,75.119,73.887,53,16.6,92.5
2023-05-22,8,0.1,75.626,76.011,52,15.6,91.3
2023-05-23,9,0.6,61.905,61.375,53,15.0,91.1
2023-05-25,11,-0.6,68.594,58.387,54,15.8,97.2
2023-05-27,13,1.2,66.58,65.029,54,15.8,92.7
2023-05-28,14,-0.1,74.28,67.824,53,15.4,95.9
2023-05-29,15,-0.0,70.181,71.206,53,14.8,95.4
2023-05-31,17,-1.3,82.114,78.526,54,16.2,92.1
2023-06-01,18,-0.7,71.613,63.325,54,15.4,95.0
2023-06-04,21,-1.0,77.868,70.586,55,15.8,92.8
2023-06-05,22,-1.2,65.765,59.018,57,16.6,93.5
2023-06-06,23,0.5,65.343,53.953,56,14.8,90.6
2023-06-07,24,0.5,72.635,57.694,57,16.6,95.8
2023-06-09,26,0.5,65.189,65.579,56,16.4,93.1
2023-06-11,28,-0.3,62.077,57.288,57,16.4,96.8
2023-06-12,29,1.4,49.656,46.93,58,15.8,95.1
2023-06-14,31,0.2,60.847,66.31,59,16.2,94.0
2023-06-15,32,0.8,54.326,62.78,60,14.8,94.5
2023-06-17,34,-0.9,54.091,37.987,60,15.4,93.6
2023-06-18,35,-1.9,46.602,48.227,60,15.2,95.1
2023-06-20,2,-0.5,68.84,67.519,58,16.2,93.1
2023-06-21,3,0.3,61.405,59.67,57,15.4,93.0
2023-06-22,4,0.5,54.058,59.004,56,15.4,92.4
2023-06-23,5,-0.6,71.336,74.582,55,15.4,93.8
2023-06-24,6,-0.1,64.59,65.315,55,16.2,94.9
2023-06-25,7,-0.5,76.056,67.635,53,16.0,93.1
2023-06-26,8,-0.0,71.373,74.306,53,14.8,93.7
2023-06-27,9,-0.4,72.792,65.332,53,15.6,95.3
2023-06-28,10,-0.3,72.904,70.397,52,16.2,94.9
2023-06-29,11,-0.4,68.179,65.314,53,15.6,96.4
2023-06-30,12,0.9,74.521,66.692,53,14.0,94.6
2023-07-01,13,-1.1,82.261,73.231,52,15.8,95.6
2023-07-02,14,-2.3,82.316,73.477,52,14.0,94.6
2023-07-03,15,-1.8,71.414,65.131,53,15.8,96.0
2023-07-04,16,-1.3,71.414,61.896,54,16.0,95.1
2023-07-05,17,0.5,71.785,68.558,53,15.6,95.9
2023-07-06,18,-0.3,69.171,65.727,54,15.6,94.4
2023-07-07,19,0.5,71.735,63.701,54,15.0,93.3
2023-07-08,20,-0.3,65.157,67.478,54,15.2,93.4
2023-07-09,21,-0.0,62.824,68.81,54,15.4,91.7
2023-07-10,22,0.5,78.764,78.713,54,15.0,95.7
2023-07-11,23,-0.5,78.677,75.009,54,15.6,93.5
2023-07-12,24,0.1,78.753,70.207,53,15.0,93.5
2023-07-13,25,-0.2,71.051,65.48,54,14.8,94.3
2023-07-14,26,0.8,74.012,75.028,54,15.0,94.5
2023-07-18,30,-0.2,79.433,55.475,55,15.6,94.8
2023-07-19,31,0.3,72.846,71.814,55,15.6,93.3
2023-07-20,32,0.1,68.07,69.451,56,16.2,95.2
2023-07-21,33,0.6,73.447,81.537,56,14.6,93.0
2023-07-22,34,0.4,55.644,51.87,57,14.4,94.5
2023-07-23,35,-1.1,69.767,64.855,57,15.8,94.3
2023-07-24,36,0.2,46.82,43.431,58,15.0,94.9
2023-07-28,40,-1.4,62.437,70.685,56,15.8,94.8
2023-07-29,41,-1.9,59.756,56.139,57,16.2,92.1
2023-07-30,42,-0.6,56.704,55.95,58,15.6,94.1
2023-07-31,43,-0.1,51.833,40.129,58,15.0,93.4
2023-08-01,44,0.5,51.644,47.455,60,15.0,93.4
2023-08-02,45,0.4,61.756,56.518,61,15.0,96.0
2023-08-03,46,1.2,49.018,42.549,62,16.2,90.1
2023-08-04,47,1.1,58.829,60.795,62,15.8,92.7
2023-08-05,48,-0.0,52.774,51.94,61,14.6,94.6
2023-08-06,1,0.6,61.337,61.387,58,16.6,94.4
2023-08-07,2,-0.4,66.363,60.917,57,15.6,95.3
2023-08-08,3,0.5,70.831,58.596,57,16.0,94.2
2023-08-09,4,-0.1,67.567,63.68,57,17.0,92.6
2023-08-11,6,0.8,55.677,55.088,58,17.6,92.0
2023-08-12,7,0.1,0.0,85.481,59,17.2,95.2
2023-08-13,8,1.1,62.692,47.985,59,15.8,94.7
2023-08-14,9,1.7,86.03,87.652,58,13.6,92.1
2023-08-15,10,0.1,74.555,58.158,56,16.4,98.3
2023-08-16,11,-0.8,89.417,71.462,54,16.2,95.6
2023-08-17,12,0.0,70.106,65.622,55,16.0,93.6
2023-08-18,13,-1.0,79.756,73.879,53,15.0,95.7
2023-08-19,14,-0.9,62.18,54.2,54,15.4,95.2
2023-08-20,15,-0.1,59.202,51.19,55,15.2,95.6
2023-08-21,16,-1.2,72.592,71.388,55,15.8,94.8
2023-08-22,17,0.6,69.931,61.877,55,16.2,91.9
2023-08-23,18,-1.4,79.903,68.752,54,15.4,95.2
2023-08-24,19,-1.6,77.269,63.443,54,16.2,94.5
2023-08-26,21,0.5,61.951,60.212,56,15.0,93.5
2023-08-27,22,-0.0,71.704,75.014,55,15.4,95.0
2023-08-28,23,0.3,46.093,46.59,57,15.2,95.8
2023-08-29,24,-0.2,65.591,54.025,57,15.6,93.3
2023-08-30,25,0.2,73.511,68.686,57,15.8,94.7
2023-08-31,26,0.8,58.024,62.471,58,16.0,92.8
2023-09-01,27,1.1,46.774,47.986,58,16.2,93.5
2023-09-02,28,-0.1,47.583,46.668,60,16.4,94.1
2023-09-03,29,-0.7,49.826,43.856,61,16.4,93.0
2023-09-04,30,-0.1,46.045,43.614,62,16.4,96.2
2023-09-05,31,1.0,49.405,43.739,61,16.6,94.0
2023-09-06,32,0.6,50.063,51.775,61,17.2,96.3
2023-09-07,33,0.1,63.06,62.88,59,16.4,95.2
2023-09-08,1,-0.6,85.421,92.864,56,16.0,95.9
2023-09-09,2,-0.9,74.479,68.919,55,16.0,97.2
2023-09-11,4,0.0,83.954,83.175,51,15.4,96.4
2023-09-12,5,-0.5,87.646,83.197,51,14.6,94.6
2023-09-14,7,-0.3,87.15,86.198,50,15.0,94.9
2023-09-19,12,0.6,72.55,65.189,51,14.6,93.8
2023-09-21,14,1.0,78.811,76.114,51,15.0,93.0
2023-09-22,15,0.3,80.738,63.795,53,15.8,96.1
2023-09-23,16,1.1,68.254,66.85,54,15.0,95.0
2023-09-24,17,-0.6,73.118,76.035,54,15.0,94.0
2023-09-25,18,0.6,65.586,65.594,56,14.8,92.6
2023-09-26,19,1.2,73.16,67.622,55,15.4,91.9
2023-09-28,21,-1.3,62.449,55.612,55,15.0,94.0
2023-09-30,23,-0.2,71.855,64.152,55,14.8,94.1
2023-10-01,24,-1.0,70.534,61.268,55,15.8,96.2
2023-10-03,26,1.0,66.47,60.665,54,16.8,93.1
2023-10-04,27,1.2,77.413,69.437,54,15.4,94.2
2023-10-05,28,0.0,71.763,68.298,54,15.6,94.5
2023-10-06,29,1.0,77.719,70.296,53,13.6,95.7
2023-10-08,31,1.2,68.844,67.31,55,16.4,94.9
2023-10-10,33,0.5,54.361,45.353,58,15.0,92.6
2023-10-11,34,0.7,35.094,35.689,60,15.4,93.5
2023-10-12,35,0.7,43.42,38.296,62,16.2,92.9
2023-10-13,36,-0.8,40.787,36.376,64,16.4,93.6
2023-10-14,37,0.5,39.231,33.88,64,17.0,94.4
2023-10-15,1,1.4,70.671,68.623,62,16.4,95.2
2023-10-16,2,-0.0,68.967,65.968,60,16.4,92.2
2023-10-17,3,1.2,72.18,75.519,57,15.2,93.6
2023-10-18,4,0.7,95.437,101.247,55,14.8,93.8
2023-10-19,5,-1.2,66.492,55.217,55,17.2,93.0
2023-10-21,7,0.1,79.446,74.928,53,14.6,92.2
2023-10-22,8,0.2,72.594,67.709,53,15.8,92.1
2023-10-23,9,0.8,68.62,62.906,54,15.4,92.7
2023-10-24,10,0.2,62.655,61.228,55,14.6,92.9
2023-10-26,12,0.0,61.165,59.35,55,15.8,95.8
2023-10-27,13,-1.3,62.669,58.861,56,16.4,92.9
2023-10-29,15,-0.1,56.527,57.287,57,12.8,94.2
2023-10-30,16,0.2,79.446,87.586,55,15.2,92.3
2023-10-31,17,-0.9,69.983,62.528,55,15.8,95.5
2023-11-01,18,-1.1,71.32,73.252,55,16.0,94.9
2023-11-02,19,-0.8,68.364,67.623,55,16.0,93.1
2023-11-03,20,0.5,68.577,67.85,53,14.0,95.4
2023-11-04,21,-0.4,72.852,72.865,53,14.6,94.0
2023-11-05,22,0.8,66.85,65.165,54,15.6,93.6
2023-11-06,23,-1.2,61.205,54.627,55,15.0,93.0
2023-11-07,24,-0.3,58.324,60.812,56,15.2,92.9
2023-11-08,25,-0.5,45.356,43.907,59,16.0,96.2
2023-11-09,26,0.3,40.931,34.062,61,15.8,92.8
2023-11-10,27,-0.2,50.513,49.283,62,15.2,92.7
2023-11-11,28,-0.3,61.321,54.065,60,14.0,93.1
2023-11-12,29,-0.5,45.528,48.462,60,14.8,95.7
2023-11-13,30,-0.5,49.065,42.7,62,16.2,93.5
2023-11-14,31,0.5,37.417,34.673,64,16.8,95.3
2023-11-15,32,0.8,35.582,29.854,64,15.6,95.4
2023-11-16,33,1.0,34.095,30.356,64,16.8,94.7
2023-11-17,34,0.9,44.036,34.002,63,17.2,95.0
2023-11-18,35,-0.1,38.325,34.982,65,17.6,94.7
2023-11-19,36,0.4,46.25,46.37,63,18.6,92.1
2023-11-20,37,-1.1,50.063,52.07,63,16.8,94.2
2023-11-21,1,0.4,52.772,50.974,61,17.4,92.6
2023-11-22,2,0.2,61.377,56.284,59,16.6,93.5
2023-11-23,3,0.9,77.376,74.285,58,17.2,92.8
2023-11-24,4,0.7,91.834,88.949,56,16.4,93.1
2023-11-25,5,0.0,89.9,90.617,55,16.2,95.6
